{"cameraMode":{"drawMode":0,"name":"Shaded","section":"Shading Mode"},"sceneLighting":true,"audioPlay":false,"sceneViewState":{"m_AlwaysRefresh":false,"showFog":true,"showSkybox":true,"showFlares":true,"showImageEffects":true,"showParticleSystems":true,"showVisualEffectGraphs":true,"m_FxEnabled":true},"in2DMode":false,"pivot":{"x":-1.0258598327636719,"y":0.8828296661376953,"z":0.4369049072265625},"rotation":{"x":-0.08593539148569107,"y":0.8974787592887878,"z":-0.20145678520202638,"w":-0.3828369081020355},"size":27.244131088256837,"orthographic":false}