{"cameraMode":{"drawMode":0,"name":"Shaded","section":"Shading Mode"},"sceneLighting":true,"audioPlay":false,"sceneViewState":{"m_AlwaysRefresh":false,"showFog":true,"showSkybox":true,"showFlares":true,"showImageEffects":true,"showParticleSystems":true,"showVisualEffectGraphs":true,"m_FxEnabled":true},"in2DMode":false,"pivot":{"x":-20.02717399597168,"y":2.3689849376678469,"z":-29.431949615478517},"rotation":{"x":0.06383013725280762,"y":0.0284388717263937,"z":-0.0018088507931679488,"w":0.9975646138191223},"size":1.7394585609436036,"orthographic":false}